{"stats":{"minecraft:mined":{"minecraft:white_bed":1,"minecraft:dandelion":1,"minecraft:brewing_stand":1,"minecraft:crafting_table":2,"minecraft:torch":2,"minecraft:grass_block":6,"minecraft:wall_torch":1,"minecraft:hay_block":50,"minecraft:iron_ore":1,"minecraft:grass":9,"minecraft:coal_ore":26,"minecraft:oak_log":25,"minecraft:dirt_path":1,"minecraft:dirt":4,"minecraft:stone":59,"minecraft:oak_leaves":6},"minecraft:crafted":{"minecraft:oak_planks":32,"minecraft:crafting_table":2,"minecraft:wooden_pickaxe":1,"minecraft:stone_axe":2,"minecraft:campfire":1,"minecraft:oak_boat":1,"minecraft:stick":12,"minecraft:stone_pickaxe":1,"minecraft:white_bed":1},"minecraft:picked_up":{"minecraft:crafting_table":2,"minecraft:feather":9,"minecraft:cooked_beef":9,"minecraft:chicken":9,"minecraft:leather":15,"minecraft:oak_log":25,"minecraft:brewing_stand":1,"minecraft:dirt":10,"minecraft:cooked_mutton":6,"minecraft:apple":1,"minecraft:wheat_seeds":1,"minecraft:beef":37,"minecraft:cooked_chicken":4,"minecraft:egg":2,"minecraft:stick":3,"minecraft:raw_iron":1,"minecraft:torch":3,"minecraft:dandelion":1,"minecraft:porkchop":31,"minecraft:white_bed":1,"minecraft:hay_block":50,"minecraft:gray_wool":1,"minecraft:oak_sapling":6,"minecraft:black_wool":3,"minecraft:mutton":40,"minecraft:coal":26,"minecraft:white_wool":21,"minecraft:cobblestone":58},"minecraft:killed":{"minecraft:pig":14,"minecraft:sheep":25,"minecraft:skeleton":1,"minecraft:chicken":9,"minecraft:cow":18},"minecraft:broken":{"minecraft:stone_axe":1},"minecraft:custom":{"minecraft:mob_kills":67,"minecraft:interact_with_crafting_table":5,"minecraft:interact_with_campfire":19,"minecraft:leave_game":2,"minecraft:time_since_death":36434,"minecraft:sleep_in_bed":3,"minecraft:climb_one_cm":966,"minecraft:time_since_rest":50,"minecraft:sprint_one_cm":94057,"minecraft:damage_taken":105,"minecraft:walk_one_cm":137963,"minecraft:drop":3,"minecraft:damage_dealt":5797,"minecraft:talked_to_villager":2,"minecraft:swim_one_cm":6824,"minecraft:fly_one_cm":227785,"minecraft:open_chest":3,"minecraft:crouch_one_cm":11654,"minecraft:play_time":36434,"minecraft:sneak_time":2823,"minecraft:walk_under_water_one_cm":705,"minecraft:boat_one_cm":102555,"minecraft:jump":961,"minecraft:walk_on_water_one_cm":2577,"minecraft:total_world_time":36434,"minecraft:fall_one_cm":25695},"minecraft:used":{"minecraft:cooked_mutton":2,"minecraft:stone_pickaxe":80,"minecraft:wooden_pickaxe":9,"minecraft:iron_sword":3,"minecraft:cooked_chicken":4,"minecraft:torch":2,"minecraft:dirt":4,"minecraft:crafting_table":4,"minecraft:campfire":1,"minecraft:white_bed":2,"minecraft:chicken":2,"minecraft:stone_axe":132,"minecraft:oak_boat":1},"minecraft:dropped":{"minecraft:wheat_seeds":1,"minecraft:dirt":6,"minecraft:oak_sapling":6}},"DataVersion":3465}