{"stats":{"minecraft:killed":{"minecraft:pig":17,"minecraft:spider":1,"minecraft:creeper":1,"minecraft:sheep":26,"minecraft:skeleton":1,"minecraft:chicken":9,"minecraft:cow":18},"minecraft:used":{"minecraft:cooked_mutton":4,"minecraft:stone_pickaxe":132,"minecraft:oak_planks":5,"minecraft:wooden_pickaxe":24,"minecraft:iron_sword":27,"minecraft:cooked_chicken":4,"minecraft:torch":4,"minecraft:dirt":4,"minecraft:crafting_table":6,"minecraft:white_bed":3,"minecraft:campfire":1,"minecraft:chicken":2,"minecraft:stone_axe":133,"minecraft:oak_boat":3},"minecraft:custom":{"minecraft:mob_kills":73,"minecraft:interact_with_crafting_table":7,"minecraft:interact_with_campfire":19,"minecraft:bell_ring":22,"minecraft:leave_game":4,"minecraft:time_since_death":69029,"minecraft:sleep_in_bed":5,"minecraft:climb_one_cm":966,"minecraft:time_since_rest":6814,"minecraft:sprint_one_cm":142244,"minecraft:damage_taken":299,"minecraft:walk_one_cm":209321,"minecraft:drop":8,"minecraft:damage_dealt":6526,"minecraft:swim_one_cm":18626,"minecraft:talked_to_villager":2,"minecraft:fly_one_cm":303798,"minecraft:open_chest":20,"minecraft:crouch_one_cm":13625,"minecraft:play_time":69029,"minecraft:sneak_time":3705,"minecraft:walk_under_water_one_cm":18332,"minecraft:boat_one_cm":248235,"minecraft:jump":1346,"minecraft:walk_on_water_one_cm":4782,"minecraft:total_world_time":69029,"minecraft:fall_one_cm":37475},"minecraft:crafted":{"minecraft:oak_planks":88,"minecraft:crafting_table":4,"minecraft:wooden_pickaxe":1,"minecraft:campfire":1,"minecraft:stone_axe":2,"minecraft:oak_boat":2,"minecraft:stick":12,"minecraft:stone_pickaxe":1,"minecraft:white_bed":2},"minecraft:mined":{"minecraft:white_bed":1,"minecraft:dandelion":1,"minecraft:brewing_stand":1,"minecraft:crafting_table":2,"minecraft:torch":4,"minecraft:grass_block":6,"minecraft:chest":1,"minecraft:tall_grass":2,"minecraft:wall_torch":1,"minecraft:hay_block":95,"minecraft:iron_ore":1,"minecraft:grass":11,"minecraft:oak_log":25,"minecraft:coal_ore":90,"minecraft:dirt_path":1,"minecraft:dirt":4,"minecraft:stone":62,"minecraft:oak_leaves":6},"minecraft:broken":{"minecraft:stone_pickaxe":1,"minecraft:stone_axe":1},"minecraft:picked_up":{"minecraft:crafting_table":2,"minecraft:feather":11,"minecraft:cooked_beef":9,"minecraft:chicken":9,"minecraft:leather":15,"minecraft:oak_log":25,"minecraft:brewing_stand":1,"minecraft:gunpowder":2,"minecraft:map":2,"minecraft:dirt":10,"minecraft:string":2,"minecraft:cooked_mutton":6,"minecraft:apple":1,"minecraft:wheat_seeds":1,"minecraft:beef":37,"minecraft:oak_boat":2,"minecraft:cooked_chicken":4,"minecraft:egg":2,"minecraft:raw_iron":1,"minecraft:stick":3,"minecraft:torch":6,"minecraft:dandelion":1,"minecraft:porkchop":38,"minecraft:white_bed":1,"minecraft:hay_block":95,"minecraft:gray_wool":1,"minecraft:oak_sapling":6,"minecraft:mutton":42,"minecraft:black_wool":3,"minecraft:coal":90,"minecraft:white_wool":21,"minecraft:cobblestone":61},"minecraft:dropped":{"minecraft:wheat_seeds":1,"minecraft:stick":4,"minecraft:dirt":6,"minecraft:gray_wool":1,"minecraft:oak_sapling":6,"minecraft:map":1,"minecraft:wooden_pickaxe":1,"minecraft:black_wool":3}},"DataVersion":3465}