{"stats":{"minecraft:mined":{"minecraft:hay_block":39,"minecraft:dandelion":1,"minecraft:brewing_stand":1,"minecraft:torch":1,"minecraft:crafting_table":1,"minecraft:grass":2,"minecraft:coal_ore":26,"minecraft:grass_block":5,"minecraft:oak_log":5,"minecraft:dirt_path":1,"minecraft:dirt":4,"minecraft:stone":59,"minecraft:oak_leaves":6},"minecraft:picked_up":{"minecraft:crafting_table":1,"minecraft:feather":4,"minecraft:chicken":6,"minecraft:leather":2,"minecraft:torch":1,"minecraft:dandelion":1,"minecraft:oak_log":5,"minecraft:brewing_stand":1,"minecraft:dirt":10,"minecraft:hay_block":39,"minecraft:beef":9,"minecraft:oak_sapling":6,"minecraft:black_wool":2,"minecraft:mutton":6,"minecraft:coal":26,"minecraft:white_wool":2,"minecraft:cobblestone":58},"minecraft:crafted":{"minecraft:oak_planks":20,"minecraft:crafting_table":1,"minecraft:stick":12,"minecraft:wooden_pickaxe":1,"minecraft:stone_pickaxe":1,"minecraft:stone_axe":2},"minecraft:killed":{"minecraft:sheep":4,"minecraft:chicken":6,"minecraft:cow":4},"minecraft:used":{"minecraft:chicken":2,"minecraft:stone_pickaxe":79,"minecraft:wooden_pickaxe":9,"minecraft:stone_axe":23,"minecraft:dirt":4,"minecraft:crafting_table":1},"minecraft:custom":{"minecraft:time_since_rest":146,"minecraft:sprint_one_cm":20565,"minecraft:damage_taken":20,"minecraft:walk_one_cm":54536,"minecraft:mob_kills":14,"minecraft:damage_dealt":960,"minecraft:interact_with_crafting_table":2,"minecraft:talked_to_villager":2,"minecraft:fly_one_cm":65684,"minecraft:open_chest":2,"minecraft:crouch_one_cm":6094,"minecraft:play_time":13162,"minecraft:sneak_time":1825,"minecraft:jump":293,"minecraft:leave_game":1,"minecraft:time_since_death":13162,"minecraft:sleep_in_bed":1,"minecraft:climb_one_cm":548,"minecraft:total_world_time":13162,"minecraft:fall_one_cm":7087}},"DataVersion":3465}